NOME,QoE,TerminoPartida,DelayVideo,DelayComandos,JitterVideo,JitterComandos,PerdaVideo,PerdaComandos,Jogo,JogariaNovamente,EstadoEspirito
Player 81,6,16.55,20,30,0,15,3.0,3.0,Spelunky,SIM,Feliz
Player 81,6,16.56,15,0,0,0,2.0,0.0,Spelunky,SIM,Feliz
Player 81,6,16.58,15,0,5,0,2.5,0.0,Spelunky,SIM,Feliz
Player 81,0,16.59,30,30,10,0,0.0,2.0,Spelunky,NAO,Feliz
Player 82,6,17.04,0,10,0,10,0.0,2.5,Rise of Tomb Raider,SIM,Indiferente
Player 82,6,17.05,0,15,0,5,0.0,3.0,Rise of Tomb Raider,SIM,Indiferente
Player 82,0,17.07,0,50,0,5,0.0,1.5,Rise of Tomb Raider,NAO,Indiferente
Player 1,0,17.15,0,50,0,10,0.0,1.5,Spelunky,NAO,Indiferente
Player 1,0,17.17,0,30,0,5,0.0,2.5,Spelunky,NAO,Indiferente
Player 1,5,17.18,0,10,0,15,0.0,2.0,Spelunky,SIM,Indiferente
Player 1,5,17.2,20,30,0,15,0.0,2.5,Spelunky,SIM,Indiferente
Player 1,5,17.21,20,50,10,15,0.0,0.0,Spelunky,SIM,Indiferente
Player 1,4,17.22,10,30,10,10,0.0,2.0,Spelunky,SIM,Indiferente
Player 1,6,17.24,10,20,5,0,2.0,2.0,Spelunky,SIM,Indiferente
Player 1,2,17.25,20,20,15,10,3.0,3.0,Spelunky,NAO,Indiferente
Player 1,5,17.26,15,30,15,15,2.5,2.5,Spelunky,SIM,Indiferente
Player 1,6,17.27,15,0,0,0,3.0,0.0,Spelunky,SIM,Indiferente
Player 1,6,17.33,20,20,5,15,0.0,0.0,Spelunky,SIM,Indiferente
Player 1,0,17.35,50,15,10,0,3.0,3.0,Spelunky,NAO,Indiferente
Player 1,5,17.37,15,0,5,0,1.5,0.0,Spelunky,SIM,Indiferente
Player 1,0,17.38,50,15,10,15,1.5,1.5,Spelunky,NAO,Indiferente
Player 1,0,17.49,0,20,0,5,0.0,2.5,Spelunky,NAO,Indiferente
Player 1,6,17.51,15,15,5,5,0.0,0.0,Spelunky,SIM,Indiferente
Player 1,4,17.52,10,0,0,0,2.0,0.0,Spelunky,SIM,Indiferente
Player 1,6,17.55,2,0,5,0,2.5,0.0,Spelunky,SIM,Indiferente
Player 1,5,17.56,2,0,10,0,1.5,0.0,Spelunky,SIM,Indiferente
Player 1,6,17.57,0,15,0,15,0.0,1.5,Spelunky,SIM,Indiferente
Player 1,6,17.59,0,15,0,5,0.0,2.5,Spelunky,SIM,Indiferente
Player 1,2,18.0,20,0,15,0,1.5,0.0,Spelunky,NAO,Indiferente
Player 1,1,18.02,0,20,0,15,0.0,1.5,Spelunky,NAO,Indiferente
Player 1,3,18.16,15,0,10,0,2.5,0.0,Spelunky,SIM,Indiferente
Player 1,4,18.17,15,10,15,10,0.0,1.5,Spelunky,SIM,Indiferente
Player 1,4,18.18,0,10,0,10,0.0,0.0,Spelunky,SIM,Indiferente
Player 1,6,18.19,10,15,0,15,1.5,1.5,Spelunky,SIM,Indiferente
Player 1,0,18.2,20,2,15,10,0.0,3.0,Spelunky,NAO,Indiferente
Player 1,0,18.22,0,30,0,5,0.0,2.0,Spelunky,NAO,Indiferente
Player 1,0,18.23,0,30,0,5,0.0,1.5,Spelunky,NAO,Indiferente
Player 1,0,18.24,0,30,0,5,0.0,3.0,Spelunky,NAO,Indiferente
Player 1,0,18.25,0,30,0,10,0.0,2.0,Spelunky,NAO,Indiferente
Player 1,2,18.27,0,20,0,10,0.0,2.5,Spelunky,NAO,Indiferente
Player 1,0,18.28,30,0,10,0,1.5,0.0,Spelunky,NAO,Indiferente
Player 1,4,18.32,15,0,5,0,3.0,0.0,Spelunky,SIM,Indiferente
Player 1,4,18.33,0,20,0,0,0.0,2.5,Spelunky,SIM,Indiferente
Player 1,5,18.37,20,15,0,15,2.5,2.5,Spelunky,SIM,Indiferente
Player 1,6,19.49,15,0,0,0,2.0,0.0,Rise of Tomb Raider,SIM,Indiferente
Player 1,6,19.52,0,15,0,0,0.0,2.0,Rise of Tomb Raider,SIM,Indiferente
Player 1,6,19.53,0,30,0,0,0.0,1.5,Rise of Tomb Raider,SIM,Indiferente
Player 1,6,19.54,2,20,15,15,3.0,3.0,Rise of Tomb Raider,SIM,Indiferente
Player 1,6,19.56,0,2,0,10,0.0,2.0,Rise of Tomb Raider,SIM,Indiferente
Player 1,6,19.57,10,10,15,0,1.5,1.5,Rise of Tomb Raider,SIM,Indiferente
Player 1,6,19.58,2,10,15,10,2.5,2.5,Rise of Tomb Raider,SIM,Indiferente
Player 1,6,20.0,2,0,5,0,1.5,0.0,Rise of Tomb Raider,SIM,Indiferente
Player 1,6,20.02,0,2,0,15,0.0,1.5,Rise of Tomb Raider,SIM,Indiferente
Player 1,1,20.03,20,10,10,0,2.0,2.0,Rise of Tomb Raider,NAO,Indiferente
Player 1,0,20.04,0,30,0,15,0.0,1.5,Rise of Tomb Raider,NAO,Indiferente
Player 1,0,20.06,30,15,5,10,2.5,2.5,Rise of Tomb Raider,NAO,Indiferente
Player 1,2,20.08,0,20,0,5,0.0,2.0,Rise of Tomb Raider,NAO,Indiferente
Player 1,5,20.09,10,0,0,0,2.5,0.0,Rise of Tomb Raider,SIM,Indiferente
Player 1,6,20.1,10,30,0,10,1.5,1.5,Rise of Tomb Raider,SIM,Indiferente
Player 1,6,20.11,15,15,5,0,2.0,2.0,Rise of Tomb Raider,SIM,Indiferente
Player 1,6,20.12,0,10,0,15,0.0,3.0,Rise of Tomb Raider,SIM,Indiferente
Player 1,6,20.14,15,2,15,10,0.0,2.0,Rise of Tomb Raider,SIM,Indiferente
Player 74,3,15.53,20,2,15,5,2.5,2.5,Rise of Tomb Raider,SIM,Indiferente
Player 74,2,15.54,15,0,10,0,1.5,0.0,Rise of Tomb Raider,SIM,Indiferente
Player 74,3,16.01,30,0,0,0,2.0,0.0,Rise of Tomb Raider,SIM,Indiferente
Player 74,3,16.02,0,15,0,15,0.0,1.5,Rise of Tomb Raider,SIM,Indiferente
Player 74,3,16.05,0,2,0,5,0.0,2.0,Rise of Tomb Raider,SIM,Indiferente
Player 74,3,16.06,10,0,5,0,1.5,0.0,Rise of Tomb Raider,NAO,Indiferente
Player 74,3,16.11,2,0,10,0,3.0,0.0,Rise of Tomb Raider,SIM,Indiferente
Player 74,3,16.18,30,2,0,5,0.0,0.0,Rise of Tomb Raider,NAO,Indiferente
Player 74,4,16.32,15,15,5,15,1.5,1.5,Rise of Tomb Raider,SIM,Indiferente
Player 74,4,16.38,10,15,10,10,0.0,2.0,Rise of Tomb Raider,SIM,Indiferente
Player 74,3,16.42,15,30,10,10,0.0,0.0,Rise of Tomb Raider,NAO,Indiferente
Player 74,1,16.43,30,30,5,10,2.5,2.5,Rise of Tomb Raider,SIM,Indiferente
Player 74,0,16.47,30,0,10,0,2.5,0.0,Rise of Tomb Raider,NAO,Indiferente
Player 74,1,16.5,0,15,0,0,0.0,1.5,Rise of Tomb Raider,NAO,Indiferente
Player 74,2,16.51,0,15,0,10,0.0,2.5,Rise of Tomb Raider,NAO,Indiferente
Player 74,3,16.53,10,0,15,0,2.5,0.0,Rise of Tomb Raider,SIM,Indiferente
Player 74,2,16.55,20,0,0,0,2.0,0.0,Rise of Tomb Raider,NAO,Indiferente
Player 74,2,16.56,30,0,0,0,2.0,0.0,Rise of Tomb Raider,NAO,Indiferente
Player 74,0,16.58,20,0,15,0,1.5,0.0,Rise of Tomb Raider,NAO,Indiferente
Player 74,4,17.03,0,2,0,15,0.0,1.5,Rise of Tomb Raider,SIM,Triste
Player 74,2,17.07,30,2,15,10,0.0,0.0,Rise of Tomb Raider,SIM,Indiferente
Player 74,2,17.09,15,2,15,5,2.5,2.5,Rise of Tomb Raider,SIM,Indiferente
Player 74,2,17.1,2,0,5,0,3.0,0.0,Rise of Tomb Raider,SIM,Indiferente
Player 74,2,17.12,0,10,0,0,0.0,1.5,Rise of Tomb Raider,NAO,Indiferente
Player 74,0,17.13,15,0,5,0,2.0,0.0,Rise of Tomb Raider,NAO,Indiferente
Player 74,0,17.14,10,0,15,0,2.0,0.0,Rise of Tomb Raider,NAO,Indiferente
Player 83,1,19.29,20,10,5,10,0.0,1.5,Rise of Tomb Raider,SIM,Feliz
Player 83,1,19.31,0,20,0,10,0.0,3.0,Rise of Tomb Raider,SIM,Feliz
Player 83,5,19.32,0,15,0,5,0.0,2.5,Rise of Tomb Raider,SIM,Feliz
Player 83,5,19.35,0,0,0,0,3.0,0.0,Rise of Tomb Raider,SIM,Feliz
Player 83,0,19.36,0,30,0,15,0.0,1.5,Rise of Tomb Raider,SIM,Feliz
Player 83,0,19.38,0,2,0,15,0.0,2.0,Rise of Tomb Raider,SIM,Feliz
Player 83,5,19.39,0,0,0,0,0.0,2.0,Rise of Tomb Raider,SIM,Feliz
Player 83,1,19.41,20,0,5,0,2.5,0.0,Rise of Tomb Raider,NAO,Feliz
Player 83,5,19.42,30,2,0,5,0.0,1.5,Rise of Tomb Raider,SIM,Feliz
Player 83,2,19.43,20,2,15,15,2.0,2.0,Rise of Tomb Raider,NAO,Feliz
Player 83,5,19.47,15,0,5,0,1.5,0.0,Rise of Tomb Raider,SIM,Feliz
Player 83,5,19.48,15,10,15,15,0.0,0.0,Rise of Tomb Raider,SIM,Feliz
Player 83,2,19.49,20,2,15,10,1.5,1.5,Rise of Tomb Raider,NAO,Feliz
Player 83,0,19.51,0,30,0,10,0.0,1.5,Rise of Tomb Raider,NAO,Feliz
Player 83,4,19.52,0,10,0,15,0.0,2.5,Rise of Tomb Raider,SIM,Feliz
Player 83,5,19.53,0,10,0,5,0.0,3.0,Rise of Tomb Raider,SIM,Feliz
Player 83,2,19.55,20,0,15,0,2.0,0.0,Rise of Tomb Raider,NAO,Feliz
Player 83,0,19.56,30,0,15,0,2.0,0.0,Rise of Tomb Raider,NAO,Feliz
Player 83,5,19.57,15,0,5,0,2.0,0.0,Rise of Tomb Raider,SIM,Feliz
Player 83,5,20.0,30,15,0,0,0.0,2.0,Rise of Tomb Raider,SIM,Feliz
Player 83,0,20.01,30,20,15,0,2.5,2.5,Rise of Tomb Raider,NAO,Feliz
Player 83,5,20.03,0,15,0,15,0.0,2.5,Rise of Tomb Raider,SIM,Feliz
Player 83,0,20.04,0,30,0,10,0.0,2.0,Rise of Tomb Raider,NAO,Feliz
Player 83,4,20.05,2,0,15,0,2.0,0.0,Rise of Tomb Raider,SIM,Feliz
Player 83,2,20.06,0,20,0,15,0.0,1.5,Rise of Tomb Raider,NAO,Feliz
Player 83,2,20.09,20,20,10,0,1.5,1.5,Rise of Tomb Raider,NAO,Feliz
Player 83,5,20.11,0,2,0,5,0.0,2.5,Rise of Tomb Raider,SIM,Feliz
Player 83,5,20.12,0,2,0,15,0.0,2.5,Rise of Tomb Raider,SIM,Feliz
Player 83,5,20.15,15,2,10,15,1.5,1.5,Rise of Tomb Raider,SIM,Feliz
Player 83,5,20.16,15,30,15,5,2.5,2.5,Rise of Tomb Raider,SIM,Feliz
Player 83,5,20.18,0,15,0,5,0.0,3.0,Rise of Tomb Raider,SIM,Feliz
Player 83,5,20.19,0,0,0,0,2.5,0.0,Rise of Tomb Raider,SIM,Feliz
Player 83,2,20.2,0,20,0,5,0.0,3.0,Rise of Tomb Raider,NAO,Feliz
Player 83,0,20.21,30,0,5,0,3.0,0.0,Rise of Tomb Raider,NAO,Feliz
Player 83,5,20.23,2,2,15,5,1.5,1.5,Rise of Tomb Raider,SIM,Feliz
Player 83,0,20.24,0,30,0,15,0.0,2.5,Rise of Tomb Raider,NAO,Feliz
Player 83,1,20.25,0,20,0,5,0.0,2.5,Rise of Tomb Raider,NAO,Feliz
Player 83,5,20.26,15,0,0,0,2.0,0.0,Rise of Tomb Raider,SIM,Feliz
Player 83,5,20.28,0,15,0,15,0.0,1.5,Rise of Tomb Raider,SIM,Feliz
Player 83,5,20.31,0,10,0,15,0.0,1.5,Rise of Tomb Raider,SIM,Feliz
Player 83,5,20.33,0,10,0,0,0.0,2.5,Rise of Tomb Raider,SIM,Feliz
Player 83,5,20.37,0,10,0,10,0.0,2.0,Rise of Tomb Raider,SIM,Feliz
Player 83,5,20.4,0,2,0,10,0.0,2.0,Rise of Tomb Raider,SIM,Feliz
Player 83,0,20.41,0,30,0,5,0.0,2.0,Rise of Tomb Raider,NAO,Feliz
Player 83,5,20.43,20,0,0,0,1.5,0.0,Rise of Tomb Raider,SIM,Feliz
Player 83,4,20.44,0,10,0,0,0.0,2.5,Rise of Tomb Raider,SIM,Feliz
Player 83,5,20.45,0,15,0,0,0.0,2.0,Rise of Tomb Raider,SIM,Feliz
Player 83,5,20.47,2,0,10,0,2.0,0.0,Rise of Tomb Raider,SIM,Feliz
Player 83,5,20.48,2,10,15,5,2.5,2.5,Rise of Tomb Raider,SIM,Feliz
Player 1,6,21.06,0,30,0,0,0.0,1.5,Rise of Tomb Raider,SIM,Indiferente
Player 1,6,21.07,0,0,0,0,0.0,2.5,Rise of Tomb Raider,SIM,Indiferente
Player 1,0,21.08,30,10,10,5,1.5,1.5,Rise of Tomb Raider,NAO,Indiferente
Player 1,6,21.1,0,10,0,0,0.0,3.0,Rise of Tomb Raider,SIM,Indiferente
Player 1,6,21.11,20,30,0,15,1.5,1.5,Rise of Tomb Raider,SIM,Indiferente
Player 1,6,21.13,15,0,15,0,1.5,0.0,Rise of Tomb Raider,SIM,Indiferente
Player 1,0,21.14,30,0,10,0,2.5,0.0,Rise of Tomb Raider,NAO,Indiferente
Player 1,1,21.15,20,20,10,0,3.0,3.0,Rise of Tomb Raider,NAO,Indiferente
Player 1,5,21.17,0,10,0,0,0.0,3.0,Rise of Tomb Raider,SIM,Indiferente
Player 1,6,21.2,2,0,10,0,3.0,0.0,Rise of Tomb Raider,SIM,Indiferente
Player 1,0,21.22,30,15,15,15,1.5,1.5,Rise of Tomb Raider,NAO,Indiferente
Player 44,6,13.29,0,2,0,5,0.0,0.0,Rise of Tomb Raider,SIM,Indiferente
Player 44,5,13.3,10,15,5,10,2.5,2.5,Rise of Tomb Raider,SIM,Indiferente
Player 44,0,13.32,30,20,10,10,3.0,3.0,Rise of Tomb Raider,NAO,Indiferente
Player 44,0,13.34,0,30,0,15,0.0,2.5,Rise of Tomb Raider,NAO,Indiferente
Player 44,0,13.35,30,30,10,15,3.0,3.0,Rise of Tomb Raider,NAO,Indiferente
Player 44,5,13.36,0,15,0,15,0.0,1.5,Rise of Tomb Raider,SIM,Indiferente
Player 44,6,13.39,0,2,0,15,0.0,2.0,Rise of Tomb Raider,SIM,Indiferente
Player 44,6,13.42,0,2,0,15,0.0,2.5,Rise of Tomb Raider,SIM,Indiferente
Player 44,4,13.44,15,20,10,5,2.0,2.0,Rise of Tomb Raider,SIM,Indiferente
Player 44,5,13.45,15,20,0,10,2.0,2.0,Rise of Tomb Raider,SIM,Indiferente
Player 44,6,13.46,30,2,10,10,0.0,0.0,Rise of Tomb Raider,SIM,Indiferente
Player 44,5,13.48,2,0,5,0,1.5,0.0,Rise of Tomb Raider,NAO,Indiferente
Player 44,1,13.49,0,20,0,5,0.0,2.5,Rise of Tomb Raider,SIM,Indiferente
Player 44,6,13.5,15,20,5,15,1.5,1.5,Rise of Tomb Raider,SIM,Indiferente
Player 44,5,13.51,2,15,5,15,2.5,2.5,Rise of Tomb Raider,SIM,Indiferente
Player 44,1,13.54,0,20,0,5,0.0,2.0,Rise of Tomb Raider,NAO,Indiferente
Player 44,6,13.56,0,15,0,0,0.0,2.5,Rise of Tomb Raider,SIM,Indiferente
Player 44,1,13.57,0,20,0,10,0.0,2.0,Rise of Tomb Raider,NAO,Indiferente
Player 44,0,13.58,30,0,10,0,2.0,0.0,Rise of Tomb Raider,NAO,Indiferente
Player 44,5,13.59,15,0,15,0,2.0,0.0,Rise of Tomb Raider,SIM,Indiferente
Player 44,6,14.0,2,0,15,0,3.0,0.0,Rise of Tomb Raider,SIM,Indiferente
Player 44,5,14.03,2,15,10,15,0.0,1.5,Rise of Tomb Raider,SIM,Indiferente
Player 44,6,14.04,0,0,0,0,0.0,3.0,Rise of Tomb Raider,SIM,Indiferente
Player 44,6,14.06,20,0,0,0,3.0,0.0,Rise of Tomb Raider,SIM,Indiferente
Player 44,4,14.07,15,0,5,0,2.5,0.0,Rise of Tomb Raider,SIM,Indiferente
Player 44,1,14.09,20,10,10,5,2.5,2.5,Rise of Tomb Raider,NAO,Indiferente
Player 44,0,14.1,30,2,5,5,3.0,3.0,Rise of Tomb Raider,NAO,Indiferente
Player 44,5,14.12,0,10,0,15,0.0,2.0,Rise of Tomb Raider,SIM,Indiferente
Player 44,6,14.14,0,2,0,15,0.0,1.5,Rise of Tomb Raider,SIM,Indiferente
Player 44,5,14.15,15,15,15,5,3.0,3.0,Rise of Tomb Raider,SIM,Indiferente
Player 44,5,14.16,15,0,5,0,1.5,0.0,Rise of Tomb Raider,SIM,Indiferente
Player 44,1,14.17,0,20,0,5,0.0,1.5,Rise of Tomb Raider,NAO,Indiferente
Player 44,0,14.19,30,0,5,0,2.5,0.0,Rise of Tomb Raider,NAO,Indiferente
Player 44,6,14.2,10,10,0,10,0.0,0.0,Rise of Tomb Raider,SIM,Indiferente
Player 44,5,14.21,0,0,0,0,0.0,3.0,Rise of Tomb Raider,SIM,Indiferente
Player 44,1,14.23,20,2,5,15,0.0,1.5,Rise of Tomb Raider,NAO,Indiferente
Player 44,1,14.24,0,20,0,15,0.0,1.5,Rise of Tomb Raider,NAO,Indiferente
Player 44,6,14.39,10,10,15,15,0.0,2.5,Rise of Tomb Raider,SIM,Indiferente
Player 44,5,14.4,20,0,0,0,1.5,0.0,Rise of Tomb Raider,SIM,Indiferente
Player 44,6,14.41,0,10,0,5,0.0,2.5,Rise of Tomb Raider,SIM,Indiferente
Player 44,5,14.45,0,0,0,0,0.0,3.0,Rise of Tomb Raider,SIM,Indiferente
Player 44,5,14.5,15,0,5,0,1.5,0.0,Rise of Tomb Raider,SIM,Indiferente
Player 44,6,14.52,15,2,10,5,2.5,2.5,Rise of Tomb Raider,SIM,Indiferente
Player 44,0,14.55,30,2,5,15,2.0,2.0,Rise of Tomb Raider,NAO,Indiferente
Player 44,0,14.57,30,15,15,5,2.0,2.0,Rise of Tomb Raider,NAO,Indiferente
Player 44,5,14.58,30,20,0,0,0.0,2.0,Rise of Tomb Raider,SIM,Indiferente
Player 44,0,14.59,30,15,5,15,2.5,2.5,Rise of Tomb Raider,SIM,Indiferente
Player 44,0,15.0,0,30,0,5,0.0,1.5,Rise of Tomb Raider,NAO,Indiferente
Player 44,2,15.01,20,0,10,0,1.5,0.0,Rise of Tomb Raider,NAO,Indiferente
Player 44,6,15.04,0,30,0,0,0.0,2.0,Rise of Tomb Raider,NAO,Indiferente
Player 44,6,15.06,0,20,0,10,2.0,2.0,Rise of Tomb Raider,SIM,Indiferente
Player 44,0,15.07,30,0,10,0,0.0,0.0,Rise of Tomb Raider,NAO,Indiferente
Player 44,6,15.09,0,0,0,0,0.0,2.5,Rise of Tomb Raider,SIM,Indiferente
Player 44,6,15.1,0,0,0,0,3.0,0.0,Rise of Tomb Raider,SIM,Indiferente
Player 44,6,15.11,10,0,15,0,3.0,0.0,Rise of Tomb Raider,SIM,Indiferente
Player 44,6,15.13,0,15,0,5,3.0,3.0,Rise of Tomb Raider,SIM,Indiferente
Player 44,0,15.15,30,0,15,0,2.5,0.0,Rise of Tomb Raider,NAO,Indiferente
Player 44,5,15.24,10,10,5,15,0.0,1.5,Rise of Tomb Raider,SIM,Indiferente
Player 44,6,15.25,2,0,10,0,2.5,0.0,Rise of Tomb Raider,SIM,Indiferente
Player 44,0,15.27,0,30,0,5,0.0,3.0,Rise of Tomb Raider,NAO,Indiferente
Player 1,5,16.13,10,0,0,0,2.0,0.0,Rise of Tomb Raider,SIM,Indiferente
Player 1,4,16.14,15,0,5,0,3.0,0.0,Rise of Tomb Raider,SIM,Indiferente
Player 1,6,16.15,10,30,0,5,0.0,0.0,Rise of Tomb Raider,SIM,Indiferente
Player 1,6,16.16,2,0,5,0,3.0,0.0,Rise of Tomb Raider,SIM,Indiferente
Player 1,6,16.18,0,10,0,5,0.0,3.0,Rise of Tomb Raider,SIM,Indiferente
Player 1,0,16.19,30,20,5,5,2.5,2.5,Rise of Tomb Raider,NAO,Indiferente
Player 1,6,16.25,15,20,10,15,1.5,1.5,Spelunky,SIM,Indiferente
Player 1,6,16.26,15,15,0,0,3.0,3.0,Spelunky,SIM,Indiferente
Player 1,6,16.27,0,2,0,15,0.0,2.0,Spelunky,SIM,Indiferente
Player 1,6,16.29,15,0,10,0,2.0,0.0,Spelunky,SIM,Indiferente
Player 1,6,16.31,20,20,10,0,0.0,0.0,Spelunky,SIM,Indiferente
Player 1,0,16.32,0,30,0,5,0.0,2.5,Spelunky,NAO,Indiferente
Player 1,6,16.33,0,0,0,0,0.0,1.5,Spelunky,SIM,Indiferente
Player 1,1,16.34,0,20,0,5,0.0,2.0,Spelunky,NAO,Indiferente
Player 1,4,16.38,10,0,0,0,3.0,0.0,Spelunky,SIM,Indiferente
Player 1,5,16.39,0,15,0,0,0.0,3.0,Spelunky,SIM,Indiferente
Player 1,6,16.4,10,10,0,10,0.0,0.0,Spelunky,SIM,Indiferente
Player 1,0,16.42,30,30,5,0,1.5,1.5,Spelunky,NAO,Indiferente
Player 1,2,16.44,20,0,15,0,1.5,0.0,Spelunky,NAO,Indiferente
Player 1,2,16.45,20,30,5,5,2.5,2.5,Spelunky,NAO,Indiferente
Player 1,6,16.46,2,0,5,0,2.0,2.0,Spelunky,SIM,Indiferente
Player 1,5,16.47,10,20,0,5,2.5,2.5,Spelunky,SIM,Indiferente
Player 1,6,16.5,20,30,0,0,1.5,1.5,Spelunky,SIM,Indiferente
Player 1,4,16.51,10,20,5,0,3.0,3.0,Spelunky,NAO,Indiferente
Player 1,5,16.52,30,10,0,15,1.5,1.5,Spelunky,SIM,Indiferente
Player 1,0,16.53,30,2,5,10,2.5,2.5,Spelunky,NAO,Indiferente
Player 1,4,16.57,10,0,5,0,1.5,0.0,Spelunky,SIM,Indiferente
Player 1,5,16.58,30,15,0,5,0.0,2.0,Spelunky,SIM,Indiferente
Player 1,5,17.0,10,0,15,0,1.5,0.0,Spelunky,SIM,Indiferente
Player 1,1,17.01,20,0,10,0,3.0,0.0,Spelunky,NAO,Indiferente
Player 1,5,17.02,0,10,0,5,0.0,2.0,Spelunky,SIM,Indiferente
Player 1,0,17.03,30,0,10,0,2.5,0.0,Spelunky,NAO,Indiferente
Player 1,5,17.05,10,15,5,15,0.0,0.0,Spelunky,SIM,Indiferente
Player 1,5,17.06,0,15,0,15,0.0,2.0,Spelunky,SIM,Indiferente
Player 1,6,17.07,30,20,5,15,0.0,0.0,Spelunky,SIM,Indiferente
Player 1,5,17.08,10,20,10,5,1.5,1.5,Spelunky,SIM,Indiferente
Player 1,6,17.09,2,20,5,5,2.5,2.5,Spelunky,SIM,Indiferente
Player 1,4,17.1,15,0,0,0,2.5,0.0,Spelunky,SIM,Indiferente
Player 1,5,17.14,10,0,15,0,1.5,0.0,Spelunky,SIM,Indiferente
Player 1,6,17.15,2,0,5,0,3.0,3.0,Spelunky,SIM,Indiferente
Player 1,2,17.17,0,20,0,10,0.0,1.5,Spelunky,NAO,Indiferente
Player 1,5,17.18,30,15,15,15,0.0,0.0,Spelunky,SIM,Indiferente
Player 1,6,17.2,0,20,0,5,1.5,1.5,Spelunky,SIM,Indiferente
Player 1,2,17.21,0,20,0,15,0.0,2.0,Spelunky,NAO,Indiferente
Player 1,6,17.22,20,0,0,0,2.5,0.0,Spelunky,SIM,Indiferente
Player 1,5,17.24,10,0,5,0,1.5,0.0,Spelunky,SIM,Indiferente
Player 1,5,17.25,10,10,15,10,2.5,2.5,Spelunky,SIM,Indiferente
Player 1,5,17.26,0,10,0,10,0.0,1.5,Spelunky,SIM,Indiferente
Player 1,5,17.28,0,10,0,15,0.0,1.5,Spelunky,SIM,Indiferente
Player 1,6,17.29,20,10,0,5,2.5,2.5,Spelunky,SIM,Indiferente
Player 1,2,17.3,20,15,10,0,1.5,1.5,Spelunky,NAO,Indiferente
Player 1,0,17.31,30,0,15,0,1.5,0.0,Spelunky,NAO,Indiferente
Player 1,0,17.32,30,30,5,15,3.0,3.0,Spelunky,NAO,Indiferente
Player 1,5,17.34,0,10,0,10,0.0,2.5,Spelunky,SIM,Indiferente
Player 1,6,17.35,2,20,10,5,0.0,1.5,Spelunky,SIM,Indiferente
Player 1,0,17.36,30,0,5,0,3.0,0.0,Spelunky,NAO,Indiferente
Player 1,6,17.37,0,2,0,10,0.0,2.0,Spelunky,SIM,Indiferente
Player 1,0,17.39,0,30,0,10,0.0,2.5,Spelunky,NAO,Indiferente
Player 1,6,17.4,10,0,0,0,3.0,0.0,Spelunky,SIM,Indiferente
Player 1,5,17.42,10,2,5,10,2.0,2.0,Spelunky,SIM,Indiferente
Player 1,4,17.43,20,20,10,10,0.0,0.0,Spelunky,SIM,Indiferente
Player 1,4,17.44,0,15,0,5,0.0,1.5,Spelunky,SIM,Indiferente
Player 1,5,17.45,10,2,15,10,0.0,3.0,Spelunky,SIM,Indiferente
Player 1,4,17.47,0,15,0,10,0.0,1.5,Spelunky,SIM,Indiferente
Player 1,6,17.48,10,0,0,0,2.5,0.0,Spelunky,SIM,Indiferente
Player 1,3,17.49,20,0,10,0,3.0,0.0,Spelunky,NAO,Indiferente
Player 1,6,17.51,2,0,10,0,2.0,0.0,Spelunky,SIM,Indiferente
Player 1,6,17.53,10,15,15,0,2.5,2.5,Spelunky,SIM,Indiferente
Player 1,5,17.54,2,15,10,0,0.0,2.0,Spelunky,SIM,Indiferente
Player 1,6,17.55,2,10,5,10,0.0,0.0,Spelunky,SIM,Indiferente
Player 1,6,17.57,10,15,0,10,0.0,0.0,Spelunky,SIM,Indiferente
Player 1,5,17.59,10,0,15,0,2.0,0.0,Spelunky,SIM,Indiferente
Player 1,0,18.01,30,0,10,0,1.5,0.0,Spelunky,NAO,Indiferente
Player 1,4,18.02,15,0,15,0,2.0,0.0,Spelunky,SIM,Indiferente
Player 1,4,18.03,15,15,10,0,0.0,0.0,Spelunky,SIM,Indiferente
Player 1,1,18.05,20,10,10,10,2.0,2.0,Spelunky,NAO,Indiferente
Player 1,6,18.06,10,20,0,10,0.0,2.0,Spelunky,SIM,Indiferente
Player 1,5,18.07,10,0,5,0,1.5,0.0,Spelunky,SIM,Indiferente
Player 1,4,18.08,15,0,10,0,2.5,0.0,Spelunky,SIM,Indiferente
Player 1,2,18.1,20,0,15,0,2.5,0.0,Spelunky,NAO,Indiferente
Player 1,1,18.11,0,30,0,10,0.0,3.0,Spelunky,SIM,Indiferente
Player 1,1,18.41,20,0,5,0,3.0,0.0,Spelunky,NAO,Indiferente
Player 1,5,18.42,0,2,0,15,0.0,1.5,Spelunky,SIM,Indiferente
Player 1,4,18.43,0,15,0,15,0.0,1.5,Spelunky,NAO,Indiferente
Player 1,5,18.45,2,0,15,0,2.0,0.0,Spelunky,SIM,Indiferente
Player 1,6,18.46,2,15,10,10,0.0,0.0,Spelunky,SIM,Indiferente
Player 1,6,18.47,30,30,0,0,2.0,2.0,Spelunky,SIM,Indiferente
Player 1,6,18.49,10,0,10,0,1.5,0.0,Spelunky,SIM,Indiferente
Player 1,0,18.5,0,30,0,15,0.0,1.5,Spelunky,NAO,Indiferente
Player 1,5,18.51,15,10,5,10,2.5,2.5,Spelunky,SIM,Indiferente
Player 1,2,18.53,0,20,0,10,0.0,3.0,Spelunky,NAO,Indiferente
Player 1,6,18.54,2,0,5,0,2.0,0.0,Spelunky,SIM,Indiferente
Player 1,5,18.55,15,15,10,15,2.0,2.0,Spelunky,SIM,Indiferente
Player 1,5,18.58,30,20,0,15,2.0,2.0,Spelunky,SIM,Indiferente
Player 1,6,19.0,0,20,0,15,2.0,2.0,Spelunky,SIM,Indiferente
Player 1,5,19.04,0,15,0,5,0.0,1.5,Spelunky,SIM,Indiferente
Player 1,2,19.05,20,0,5,0,3.0,0.0,Spelunky,NAO,Indiferente
Player 1,4,19.24,20,0,0,0,3.0,0.0,Spelunky,SIM,Indiferente
Player 1,0,19.25,30,30,5,15,0.0,2.0,Spelunky,NAO,Indiferente
Player 1,0,19.27,0,30,0,15,0.0,3.0,Spelunky,NAO,Indiferente
Player 1,2,19.28,0,20,0,10,0.0,1.5,Spelunky,NAO,Indiferente
Player 1,5,19.29,0,15,0,10,0.0,1.5,Spelunky,SIM,Indiferente
Player 1,6,19.31,15,0,0,0,1.5,0.0,Spelunky,SIM,Indiferente
Player 1,6,19.32,10,0,10,0,2.5,0.0,Spelunky,SIM,Indiferente
Player 1,5,19.34,15,20,5,5,2.5,2.5,Spelunky,SIM,Indiferente
Player 81,2,11.2,0,20,0,5,0.0,2.0,Spelunky,NAO,Indiferente
Player 81,4,11.25,20,0,0,0,3.5,0.0,Spelunky,NAO,Indiferente
Player 81,6,11.29,12,12,0,0,0.0,3.5,Spelunky,SIM,Indiferente
Player 81,1,11.34,25,25,15,20,6.0,6.0,Spelunky,NAO,Indiferente
Player 81,1,11.35,25,15,20,0,4.0,4.0,Spelunky,NAO,Indiferente
Player 81,5,11.37,15,0,20,0,4.0,0.0,Spelunky,SIM,Indiferente
Player 81,4,11.38,20,10,0,0,0.0,0.0,Spelunky,SIM,Indiferente
Player 81,6,11.39,15,0,15,0,5.0,5.0,Spelunky,SIM,Indiferente
Player 81,2,11.52,2,0,15,0,10.0,0.0,Spelunky,NAO,Indiferente
Player 81,1,11.54,25,25,25,15,10.0,10.0,Spelunky,NAO,Indiferente
Player 81,1,11.55,0,25,0,15,0.0,4.0,Spelunky,NAO,Indiferente
Player 81,1,11.56,30,25,20,25,5.0,5.0,Spelunky,NAO,Indiferente
Player 81,1,11.57,25,0,15,0,4.0,0.0,Spelunky,NAO,Indiferente
Player 81,3,11.59,2,15,15,0,5.0,5.0,Spelunky,NAO,Indiferente
Player 81,1,12.04,0,30,0,15,0.0,5.0,Spelunky,NAO,Indiferente
Player 81,3,12.06,20,0,0,0,5.0,0.0,Spelunky,NAO,Indiferente
Player 81,5,12.09,20,30,5,15,0.0,0.0,Spelunky,SIM,Indiferente
Player 81,5,12.12,15,30,0,15,0.0,4.0,Spelunky,SIM,Indiferente
Player 81,5,12.13,30,2,0,15,4.0,4.0,Spelunky,SIM,Indiferente
Player 81,5,12.14,2,20,7,7,3.0,0.0,Spelunky,SIM,Indiferente
Player 81,5,12.15,30,20,7,0,4.0,4.0,Spelunky,NAO,Indiferente
Player 81,5,12.17,0,2,0,7,0.0,4.0,Spelunky,SIM,Indiferente
Player 81,4,12.19,30,0,0,0,5.0,0.0,Spelunky,SIM,Indiferente
Player 81,5,12.21,17,17,0,15,5.0,5.0,Spelunky,SIM,Indiferente
Player 81,5,13.28,23,2,12,12,3.0,0.0,Spelunky,SIM,Indiferente
Player 81,5,13.33,25,28,0,15,5.0,5.0,Spelunky,SIM,Indiferente
Player 81,1,13.34,25,23,12,12,5.0,5.0,Spelunky,NAO,Indiferente
Player 81,1,13.37,0,25,0,15,0.0,5.0,Spelunky,NAO,Indiferente
Player 81,4,13.38,0,2,0,12,0.0,4.0,Spelunky,SIM,Indiferente
Player 81,1,13.39,28,17,12,15,5.0,5.0,Spelunky,NAO,Indiferente
Player 81,2,13.4,0,25,0,12,0.0,5.0,Spelunky,NAO,Indiferente
Player 81,2,13.43,23,25,15,0,0.0,4.0,Spelunky,NAO,Indiferente
Player 81,4,13.44,17,17,15,0,3.0,0.0,Spelunky,SIM,Indiferente
Player 81,2,13.47,23,0,15,0,5.0,0.0,Spelunky,NAO,Indiferente
Player 81,5,13.48,0,0,0,0,4.0,0.0,Spelunky,SIM,Indiferente
Player 81,6,13.51,2,23,12,15,0.0,0.0,Spelunky,SIM,Indiferente
Player 81,1,13.54,28,0,12,0,4.0,0.0,Spelunky,NAO,Indiferente
Player 5,4,14.11,28,23,0,15,5.0,5.0,Rise of Tomb Raider,SIM,Indiferente
Player 5,4,14.13,25,0,0,0,4.0,0.0,Rise of Tomb Raider,SIM,Indiferente
Player 5,3,14.14,2,25,12,15,5.0,5.0,Rise of Tomb Raider,SIM,Indiferente
Player 5,3,14.15,17,0,15,0,5.0,0.0,Rise of Tomb Raider,SIM,Indiferente
Player 5,4,14.17,23,25,0,12,0.0,5.0,Rise of Tomb Raider,SIM,Indiferente
Player 5,4,14.19,0,17,0,0,0.0,4.0,Rise of Tomb Raider,SIM,Indiferente
Player 5,4,14.2,2,25,15,0,0.0,0.0,Rise of Tomb Raider,SIM,Indiferente
Player 5,4,14.21,25,0,0,0,4.0,0.0,Rise of Tomb Raider,SIM,Indiferente
Player 5,0,14.23,30,30,15,12,3.0,3.0,Rise of Tomb Raider,NAO,Indiferente
Player 5,1,14.25,20,25,10,10,5.0,5.0,Rise of Tomb Raider,NAO,Indiferente
Player 5,3,14.26,10,0,12,0,5.0,0.0,Rise of Tomb Raider,NAO,Indiferente
Player 5,4,14.27,0,25,0,12,0.0,10.0,Rise of Tomb Raider,SIM,Indiferente
Player 5,4,14.29,0,10,0,10,0.0,10.0,Rise of Tomb Raider,SIM,Indiferente
Player 5,2,14.3,0,20,0,10,0.0,5.0,Rise of Tomb Raider,NAO,Indiferente
Player 5,2,14.31,20,15,10,15,0.0,10.0,Rise of Tomb Raider,NAO,Indiferente
Player 5,4,14.34,30,15,0,20,5.0,5.0,Rise of Tomb Raider,SIM,Indiferente
Player 74,2,14.4,0,15,0,15,0.0,10.0,Rise of Tomb Raider,SIM,Indiferente
Player 74,0,14.45,25,20,12,15,10.0,10.0,Rise of Tomb Raider,NAO,Indiferente
Player 74,3,14.5,0,15,0,20,0.0,5.0,Rise of Tomb Raider,SIM,Indiferente
Player 5,0,14.57,0,30,0,15,0.0,5.0,Rise of Tomb Raider,NAO,Indiferente
Player 5,2,15.02,20,15,15,10,0.0,5.0,Rise of Tomb Raider,NAO,Indiferente
Player 5,3,15.03,25,10,0,12,10.0,10.0,Rise of Tomb Raider,NAO,Indiferente
Player 5,3,15.05,10,30,10,10,0.0,3.0,Rise of Tomb Raider,NAO,Indiferente
Player 5,3,15.08,30,20,12,12,0.0,0.0,Rise of Tomb Raider,SIM,Indiferente
Player 5,4,15.09,0,15,0,12,0.0,5.0,Rise of Tomb Raider,SIM,Indiferente
Player 5,4,15.1,0,30,0,0,0.0,5.0,Rise of Tomb Raider,SIM,Indiferente
Player 5,0,15.13,0,30,0,12,0.0,5.0,Rise of Tomb Raider,NAO,Indiferente
Player 5,4,15.39,10,30,12,20,0.0,0.0,Rise of Tomb Raider,SIM,Indiferente
Player 5,4,15.41,2,10,15,0,0.0,3.0,Rise of Tomb Raider,SIM,Indiferente
Player 5,2,15.42,20,15,12,15,5.0,5.0,Rise of Tomb Raider,NAO,Indiferente
Player 5,1,15.47,0,25,0,12,0.0,10.0,Rise of Tomb Raider,NAO,Indiferente
Player 5,2,15.54,20,30,20,0,5.0,5.0,Rise of Tomb Raider,NAO,Indiferente
Player 5,4,15.55,15,0,20,0,5.0,0.0,Rise of Tomb Raider,SIM,Indiferente
Player 5,4,15.57,10,10,12,15,3.0,3.0,Rise of Tomb Raider,NAO,Indiferente
Player 5,4,15.58,10,0,12,0,3.0,0.0,Rise of Tomb Raider,SIM,Indiferente
Player 5,2,15.59,0,20,0,12,0.0,10.0,Rise of Tomb Raider,NAO,Indiferente
Player 5,0,16.0,30,2,20,12,3.0,3.0,Rise of Tomb Raider,SIM,Indiferente
Player 5,3,16.01,30,30,0,20,0.0,3.0,Rise of Tomb Raider,NAO,Indiferente
Player 5,4,16.03,15,15,12,12,0.0,3.0,Rise of Tomb Raider,SIM,Indiferente
Player 5,2,16.09,0,20,0,10,0.0,5.0,Rise of Tomb Raider,NAO,Indiferente
Player 5,4,16.11,0,0,0,0,0.0,5.0,Rise of Tomb Raider,SIM,Indiferente
Player 5,4,16.16,10,0,20,0,5.0,0.0,Rise of Tomb Raider,SIM,Indiferente
Player 5,1,16.17,0,25,0,10,0.0,3.0,Rise of Tomb Raider,NAO,Indiferente
Player 5,3,16.18,2,0,12,0,10.0,0.0,Rise of Tomb Raider,SIM,Indiferente
Player 5,5,16.21,2,0,12,0,3.0,0.0,Rise of Tomb Raider,SIM,Indiferente
Player 5,0,16.24,0,30,0,15,0.0,3.0,Rise of Tomb Raider,NAO,Indiferente
Player 5,0,16.25,0,30,0,15,0.0,3.0,Rise of Tomb Raider,NAO,Indiferente
Player 5,0,16.26,30,0,15,0,3.0,0.0,Rise of Tomb Raider,NAO,Indiferente
Player 5,4,16.3,30,0,20,0,10.0,0.0,Rise of Tomb Raider,NAO,Indiferente
Player 84,0,10.52,25,30,20,20,3.0,3.0,Rise of Tomb Raider,NAO,Indiferente
Player 84,5,10.54,25,0,0,0,3.0,0.0,Rise of Tomb Raider,SIM,Indiferente
Player 84,0,10.58,30,0,20,0,10.0,0.0,Rise of Tomb Raider,NAO,Indiferente
Player 84,0,11.0,0,25,0,12,0.0,10.0,Rise of Tomb Raider,NAO,Indiferente
Player 84,5,11.02,20,0,0,0,5.0,0.0,Rise of Tomb Raider,SIM,Indiferente
Player 84,5,11.04,25,0,0,0,10.0,0.0,Rise of Tomb Raider,SIM,Indiferente
Player 84,6,11.05,25,10,0,15,10.0,10.0,Rise of Tomb Raider,SIM,Indiferente
Player 84,1,11.07,20,15,12,15,3.0,3.0,Rise of Tomb Raider,NAO,Indiferente
Player 84,4,11.09,2,20,10,15,3.0,3.0,Rise of Tomb Raider,SIM,Indiferente
Player 84,4,11.1,20,20,12,10,0.0,5.0,Rise of Tomb Raider,NAO,Indiferente
Player 74,4,12.19,15,0,0,0,10.0,0.0,Rise of Tomb Raider,SIM,Indiferente
Player 74,5,12.23,2,0,15,0,5.0,0.0,Rise of Tomb Raider,SIM,Indiferente
Player 74,0,12.24,0,30,0,12,0.0,10.0,Rise of Tomb Raider,NAO,Indiferente
Player 74,5,12.29,0,30,0,0,0.0,3.0,Rise of Tomb Raider,SIM,Indiferente
Player 74,6,12.38,20,0,0,0,5.0,0.0,Rise of Tomb Raider,SIM,Indiferente
Player 74,1,12.41,0,25,0,20,0.0,3.0,Rise of Tomb Raider,NAO,Indiferente
Player 74,5,12.43,10,10,10,12,0.0,0.0,Rise of Tomb Raider,SIM,Indiferente
Player 74,1,12.44,20,15,10,12,3.0,3.0,Rise of Tomb Raider,NAO,Indiferente
Player 74,1,12.46,20,0,20,0,5.0,0.0,Rise of Tomb Raider,NAO,Indiferente
Player 74,0,12.47,30,25,12,15,3.0,3.0,Rise of Tomb Raider,NAO,Indiferente
Player 74,2,12.48,20,0,20,0,10.0,0.0,Rise of Tomb Raider,NAO,Indiferente
Player 74,3,12.49,30,0,0,0,10.0,0.0,Rise of Tomb Raider,SIM,Indiferente
Player 74,1,12.51,25,0,12,0,5.0,0.0,Rise of Tomb Raider,NAO,Indiferente
Player 74,0,16.0,20,0,15,0,3.0,0.0,Rise of Tomb Raider,NAO,Indiferente
Player 74,0,16.01,30,0,10,0,10.0,0.0,Rise of Tomb Raider,SIM,Indiferente
Player 74,0,16.05,30,15,10,0,5.0,5.0,Rise of Tomb Raider,NAO,Indiferente
Player 74,3,16.06,2,0,12,0,10.0,0.0,Rise of Tomb Raider,SIM,Indiferente
Player 74,0,16.08,30,20,10,20,5.0,5.0,Rise of Tomb Raider,NAO,Indiferente
Player 74,4,16.09,15,0,15,0,10.0,0.0,Rise of Tomb Raider,SIM,Indiferente
Player 74,5,16.1,15,2,12,15,0.0,0.0,Rise of Tomb Raider,SIM,Indiferente
Player 74,5,16.14,10,0,15,0,3.0,0.0,Rise of Tomb Raider,SIM,Indiferente
Player 74,6,16.15,0,30,0,0,0.0,3.0,Rise of Tomb Raider,SIM,Indiferente
Player 74,6,16.16,2,0,10,0,5.0,0.0,Rise of Tomb Raider,SIM,Indiferente
Player 74,6,16.17,10,0,20,0,5.0,0.0,Rise of Tomb Raider,SIM,Indiferente
Player 74,4,16.2,10,15,15,12,0.0,0.0,Rise of Tomb Raider,SIM,Indiferente
Player 74,3,16.21,30,0,0,0,10.0,0.0,Rise of Tomb Raider,SIM,Indiferente
Player 74,1,16.23,25,30,15,15,10.0,10.0,Rise of Tomb Raider,NAO,Indiferente
Player 74,0,16.24,30,0,20,0,10.0,0.0,Rise of Tomb Raider,NAO,Indiferente
Player 74,5,16.25,20,0,0,0,5.0,0.0,Rise of Tomb Raider,NAO,Indiferente
Player 74,6,16.3,15,0,20,0,3.0,0.0,Rise of Tomb Raider,SIM,Indiferente
Player 74,0,16.31,25,0,15,0,3.0,0.0,Rise of Tomb Raider,NAO,Indiferente
Player 74,6,16.32,0,10,0,0,0.0,3.0,Rise of Tomb Raider,SIM,Indiferente
Player 74,0,16.34,25,15,12,10,3.0,3.0,Rise of Tomb Raider,NAO,Indiferente
Player 74,5,16.37,0,15,0,20,0.0,5.0,Rise of Tomb Raider,SIM,Indiferente
Player 74,1,16.4,0,25,0,20,0.0,3.0,Rise of Tomb Raider,NAO,Indiferente
Player 74,4,16.42,0,0,0,0,10.0,0.0,Rise of Tomb Raider,SIM,Triste
Player 74,1,16.44,0,20,0,12,0.0,10.0,Rise of Tomb Raider,NAO,Indiferente
Player 74,4,16.5,0,10,0,0,0.0,5.0,Rise of Tomb Raider,NAO,Indiferente
Player 74,5,16.52,10,15,20,10,0.0,3.0,Rise of Tomb Raider,SIM,Indiferente
Player 74,5,16.55,0,20,0,0,0.0,5.0,Rise of Tomb Raider,SIM,Indiferente
Player 74,5,16.57,0,25,0,0,0.0,10.0,Rise of Tomb Raider,SIM,Indiferente
Player 74,2,16.58,20,30,10,10,10.0,10.0,Rise of Tomb Raider,NAO,Indiferente
Player 74,5,17.03,10,25,20,15,10.0,10.0,Rise of Tomb Raider,SIM,Indiferente
Player 81,5,11.17,25,20,10,0,0.0,0.0,Spelunky,SIM,Indiferente
Player 81,5,11.19,15,0,10,0,5.0,0.0,Spelunky,SIM,Indiferente
Player 81,0,11.2,30,0,12,0,5.0,0.0,Spelunky,NAO,Indiferente
Player 81,1,11.21,25,20,10,20,5.0,5.0,Spelunky,NAO,Indiferente
Player 81,3,11.23,0,15,0,20,0.0,5.0,Spelunky,SIM,Indiferente
Player 81,0,11.24,30,30,15,20,10.0,10.0,Spelunky,NAO,Indiferente
Player 81,3,11.25,25,15,0,10,10.0,10.0,Spelunky,SIM,Indiferente
Player 81,6,11.29,0,10,0,0,0.0,10.0,Spelunky,SIM,Indiferente
Player 81,6,11.31,2,0,10,0,5.0,0.0,Spelunky,SIM,Indiferente
Player 81,2,11.33,20,0,12,0,3.0,0.0,Spelunky,NAO,Indiferente
Player 81,5,11.34,0,10,0,12,0.0,10.0,Spelunky,SIM,Indiferente
Player 81,4,11.36,10,0,20,0,3.0,0.0,Spelunky,SIM,Indiferente
Player 81,5,11.37,10,25,10,15,3.0,3.0,Spelunky,SIM,Indiferente
Player 81,3,11.4,20,0,20,0,5.0,0.0,Spelunky,NAO,Indiferente
Player 81,5,11.43,10,10,20,0,10.0,10.0,Spelunky,SIM,Indiferente
Player 81,6,11.44,10,15,20,20,3.0,3.0,Spelunky,SIM,Indiferente
Player 81,1,11.45,0,20,0,15,0.0,3.0,Spelunky,NAO,Indiferente
Player 81,1,11.47,30,30,15,0,5.0,5.0,Spelunky,NAO,Indiferente
Player 81,4,11.48,15,20,15,0,0.0,0.0,Spelunky,SIM,Indiferente
Player 81,1,11.5,30,10,12,12,0.0,5.0,Spelunky,NAO,Indiferente
Player 81,1,11.51,25,15,15,20,5.0,5.0,Spelunky,NAO,Indiferente
Player 81,5,11.53,15,0,15,0,0.0,10.0,Spelunky,SIM,Indiferente
Player 81,6,11.55,20,0,0,0,10.0,0.0,Spelunky,SIM,Indiferente
Player 81,5,11.56,0,10,0,10,0.0,3.0,Spelunky,SIM,Indiferente
Player 81,5,11.59,0,20,0,12,0.0,5.0,Spelunky,,Indiferente
Player 5,5,12.53,0,10,0,15,0.0,10.0,Rise of Tomb Raider,NAO,Indiferente
Player 5,5,12.57,0,30,0,0,0.0,5.0,Rise of Tomb Raider,SIM,Indiferente
Player 5,0,12.59,30,0,12,0,5.0,0.0,Rise of Tomb Raider,NAO,Indiferente
Player 5,5,13.0,10,20,12,10,3.0,3.0,Rise of Tomb Raider,NAO,Indiferente
Player 5,5,13.03,10,0,10,0,3.0,0.0,Rise of Tomb Raider,SIM,Indiferente
Player 5,5,13.08,20,0,0,0,10.0,0.0,Rise of Tomb Raider,SIM,Indiferente
Player 5,1,13.09,20,0,15,0,3.0,0.0,Rise of Tomb Raider,NAO,Indiferente
Player 5,4,13.11,0,15,0,15,0.0,5.0,Rise of Tomb Raider,SIM,Indiferente
Player 5,6,13.12,15,0,25,0,5.0,0.0,Rise of Tomb Raider,SIM,Indiferente
Player 5,5,13.14,25,0,0,0,3.0,0.0,Rise of Tomb Raider,SIM,Indiferente
Player 5,0,13.15,25,25,20,25,10.0,10.0,Rise of Tomb Raider,NAO,Indiferente
Player 5,5,13.17,20,15,0,0,10.0,10.0,Rise of Tomb Raider,SIM,Indiferente
Player 5,5,13.19,0,25,0,0,0.0,3.0,Rise of Tomb Raider,SIM,Indiferente
Player 5,0,13.2,0,30,0,20,0.0,5.0,Rise of Tomb Raider,NAO,Indiferente
Player 5,5,13.22,0,2,0,25,0.0,5.0,Rise of Tomb Raider,SIM,Indiferente
Player 5,5,13.23,2,0,25,0,3.0,0.0,Rise of Tomb Raider,SIM,Indiferente
Player 5,5,13.24,2,0,25,0,10.0,0.0,Rise of Tomb Raider,SIM,Indiferente
Player 5,5,13.4,20,20,0,0,1.0,0.0,Rise of Tomb Raider,SIM,Indiferente
Player 74,4,13.42,0,2,0,20,0.0,10.0,Rise of Tomb Raider,SIM,Indiferente
Player 74,4,13.43,2,20,20,25,3.0,3.0,Rise of Tomb Raider,SIM,Indiferente
Player 74,3,13.44,30,25,0,20,5.0,5.0,Rise of Tomb Raider,SIM,Indiferente
Player 74,5,13.47,0,0,0,0,3.0,0.0,Rise of Tomb Raider,SIM,Indiferente
Player 74,1,13.48,25,30,25,25,3.0,3.0,Rise of Tomb Raider,NAO,Indiferente
Player 74,6,13.5,0,20,0,0,0.0,3.0,Rise of Tomb Raider,SIM,Indiferente
Player 74,1,13.52,20,0,25,0,10.0,0.0,Rise of Tomb Raider,NAO,Indiferente
Player 74,2,13.53,25,30,25,25,0.0,3.0,Rise of Tomb Raider,NAO,Indiferente
Player 74,6,13.54,20,0,0,0,3.0,0.0,Rise of Tomb Raider,SIM,Indiferente
Player 74,6,13.56,0,30,0,0,0.0,3.0,Rise of Tomb Raider,SIM,Indiferente
Player 74,5,14.0,20,2,20,25,0.0,0.0,Rise of Tomb Raider,SIM,Indiferente
Player 74,0,14.01,30,0,25,0,5.0,0.0,Rise of Tomb Raider,NAO,Indiferente
Player 74,5,14.02,25,30,0,0,10.0,10.0,Rise of Tomb Raider,SIM,Indiferente
Player 74,0,14.06,30,25,25,20,10.0,10.0,Rise of Tomb Raider,NAO,Indiferente
Player 74,1,14.08,0,25,0,25,0.0,3.0,Rise of Tomb Raider,NAO,Indiferente
Player 74,1,14.09,25,0,20,0,3.0,0.0,Rise of Tomb Raider,NAO,Indiferente
Player 74,5,14.14,20,20,0,20,0.0,10.0,Rise of Tomb Raider,SIM,Indiferente
Player 74,6,14.17,30,20,20,20,1.0,0.0,Rise of Tomb Raider,SIM,Indiferente
Player 74,3,14.19,20,25,20,0,3.0,3.0,Rise of Tomb Raider,SIM,Indiferente
Player 74,5,14.25,0,0,0,0,5.0,0.0,Rise of Tomb Raider,SIM,Indiferente
Player 74,0,14.33,0,30,0,25,0.0,5.0,Rise of Tomb Raider,NAO,Indiferente
Player 74,5,14.35,0,0,0,0,5.0,0.0,Rise of Tomb Raider,SIM,Indiferente
Player 74,1,14.37,0,25,0,20,0.0,3.0,Rise of Tomb Raider,NAO,Indiferente
Player 74,4,14.38,2,25,20,0,0.0,3.0,Rise of Tomb Raider,SIM,Indiferente
Player 74,0,14.39,25,0,20,0,10.0,0.0,Rise of Tomb Raider,NAO,Indiferente
Player 74,4,14.4,0,2,0,25,0.0,10.0,Rise of Tomb Raider,SIM,Indiferente
Player 74,2,14.42,20,0,20,0,10.0,0.0,Rise of Tomb Raider,NAO,Indiferente
Player 74,0,14.43,25,25,25,25,0.0,5.0,Rise of Tomb Raider,NAO,Indiferente
Player 74,5,14.48,0,2,0,20,0.0,10.0,Rise of Tomb Raider,SIM,Indiferente
Player 74,1,14.5,25,0,20,0,3.0,0.0,Rise of Tomb Raider,NAO,Indiferente
Player 74,5,14.52,20,30,0,0,3.0,3.0,Rise of Tomb Raider,SIM,Indiferente
Player 74,1,14.53,25,0,20,0,10.0,0.0,Rise of Tomb Raider,NAO,Indiferente
Player 74,4,14.55,20,30,20,20,0.0,0.0,Spelunky,SIM,Indiferente
Player 74,5,14.57,0,20,0,0,0.0,5.0,Rise of Tomb Raider,SIM,Indiferente
Player 74,5,14.58,25,30,25,20,0.0,0.0,Rise of Tomb Raider,SIM,Indiferente
Player 74,0,15.0,0,30,0,20,0.0,10.0,Rise of Tomb Raider,NAO,Indiferente
Player 74,1,15.01,0,25,0,25,0.0,5.0,Rise of Tomb Raider,NAO,Indiferente
Player 74,5,15.02,0,2,0,20,0.0,3.0,Rise of Tomb Raider,SIM,Indiferente
Player 74,2,15.04,20,25,20,20,10.0,10.0,Rise of Tomb Raider,NAO,Indiferente
Player 5,0,15.09,40,35,25,0,5.0,5.0,Rise of Tomb Raider,NAO,Indiferente
Player 5,5,15.11,0,2,0,40,3.0,0.0,Rise of Tomb Raider,SIM,Indiferente
Player 5,5,15.14,0,40,0,0,0.0,10.0,Rise of Tomb Raider,SIM,Indiferente
Player 5,0,15.15,35,0,40,0,20.0,0.0,Rise of Tomb Raider,NAO,Indiferente
Player 5,5,15.19,35,0,0,0,20.0,0.0,Rise of Tomb Raider,SIM,Indiferente
Player 5,0,15.2,40,40,25,0,0.0,10.0,Rise of Tomb Raider,NAO,Indiferente
Player 5,0,15.21,0,35,0,40,0.0,10.0,Rise of Tomb Raider,NAO,Indiferente
Player 5,1,15.23,40,35,40,40,20.0,20.0,Rise of Tomb Raider,NAO,Indiferente
Player 5,1,15.24,0,2,0,25,20.0,20.0,Rise of Tomb Raider,SIM,Indiferente
Player 5,4,15.25,2,0,40,0,0.0,0.0,Rise of Tomb Raider,SIM,Indiferente
Player 5,0,15.26,0,35,0,40,0.0,10.0,Rise of Tomb Raider,NAO,Indiferente
Player 5,4,15.29,2,40,25,0,10.0,10.0,Rise of Tomb Raider,SIM,Indiferente
Player 5,3,15.3,2,35,40,25,5.0,0.0,Rise of Tomb Raider,SIM,Indiferente
Player 5,5,15.32,2,0,25,0,10.0,10.0,Rise of Tomb Raider,SIM,Indiferente
Player 5,4,15.33,2,40,40,0,0.0,20.0,Rise of Tomb Raider,SIM,Indiferente
Player 5,4,15.35,40,0,0,0,20.0,20.0,Rise of Tomb Raider,SIM,Indiferente
Player 83,5,16.12,2,40,25,40,0.0,10.0,Rise of Tomb Raider,SIM,Feliz
Player 83,5,16.13,35,0,0,0,10.0,0.0,Rise of Tomb Raider,SIM,Feliz
Player 83,5,16.15,0,0,0,0,20.0,20.0,Rise of Tomb Raider,SIM,Feliz
Player 83,0,16.25,0,40,0,25,0.0,10.0,Rise of Tomb Raider,NAO,Feliz
Player 83,5,16.36,40,0,0,0,5.0,0.0,Rise of Tomb Raider,SIM,Feliz
Player 83,5,16.37,0,40,0,0,0.0,20.0,Rise of Tomb Raider,SIM,Feliz
Player 83,5,16.39,40,35,0,0,10.0,10.0,Rise of Tomb Raider,SIM,Feliz
Player 83,5,16.4,40,2,25,40,0.0,0.0,Rise of Tomb Raider,SIM,Feliz
Player 83,5,16.42,2,35,40,40,20.0,20.0,Rise of Tomb Raider,SIM,Feliz
Player 83,0,16.47,35,0,25,0,20.0,0.0,Rise of Tomb Raider,NAO,Feliz
Player 83,0,16.5,35,40,40,40,10.0,10.0,Rise of Tomb Raider,NAO,Feliz
Player 83,5,16.51,35,0,0,0,20.0,0.0,Rise of Tomb Raider,SIM,Feliz
Player 83,5,16.53,2,0,40,0,0.0,10.0,Rise of Tomb Raider,SIM,Feliz
Player 83,0,16.54,0,40,0,25,0.0,20.0,Rise of Tomb Raider,NAO,Feliz
Player 83,5,16.59,40,0,0,0,10.0,0.0,Rise of Tomb Raider,SIM,Feliz
Player 83,0,17.0,0,35,0,25,0.0,10.0,Rise of Tomb Raider,NAO,Feliz
Player 74,0,16.13,35,0,25,0,10.0,0.0,Rise of Tomb Raider,NAO,Indiferente
Player 74,0,16.17,0,40,0,40,0.0,20.0,Rise of Tomb Raider,NAO,Indiferente
Player 74,4,16.19,0,0,0,0,0.0,20.0,Rise of Tomb Raider,SIM,Indiferente
Player 74,3,16.21,0,35,0,0,0.0,10.0,Rise of Tomb Raider,SIM,Indiferente
Player 74,1,16.22,0,35,0,40,0.0,10.0,Rise of Tomb Raider,NAO,Indiferente
Player 74,6,16.24,35,40,0,25,0.0,0.0,Rise of Tomb Raider,SIM,Indiferente
Player 74,5,16.3,0,35,0,0,0.0,20.0,Rise of Tomb Raider,SIM,Indiferente
Player 74,5,16.31,0,40,0,0,0.0,20.0,Rise of Tomb Raider,SIM,Indiferente
Player 74,0,16.32,0,35,0,25,0.0,10.0,Rise of Tomb Raider,NAO,Indiferente
Player 74,0,16.37,30,30,40,25,0.0,10.0,Rise of Tomb Raider,NAO,Indiferente
Player 74,5,16.38,0,40,0,0,0.0,20.0,Rise of Tomb Raider,SIM,Indiferente
Player 74,0,16.43,30,0,40,0,10.0,0.0,Rise of Tomb Raider,NAO,Indiferente
Player 74,0,16.55,0,30,0,25,0.0,20.0,Rise of Tomb Raider,NAO,Indiferente
Player 74,0,16.57,35,0,25,0,10.0,0.0,Rise of Tomb Raider,NAO,Indiferente
Player 74,0,17.0,40,0,40,0,10.0,0.0,Rise of Tomb Raider,NAO,Indiferente
Player 74,0,17.01,0,40,0,40,0.0,10.0,Rise of Tomb Raider,NAO,Indiferente
Player 74,6,17.04,40,0,0,0,20.0,0.0,Rise of Tomb Raider,SIM,Indiferente
Player 74,0,17.06,0,35,0,40,0.0,20.0,Rise of Tomb Raider,NAO,Indiferente
Player 74,0,13.04,40,40,40,0,10.0,10.0,Rise of Tomb Raider,NAO,Indiferente
Player 74,1,13.06,40,35,30,30,10.0,10.0,Rise of Tomb Raider,NAO,Indiferente
Player 74,0,13.07,0,40,0,30,0.0,20.0,Rise of Tomb Raider,NAO,Indiferente
Player 74,5,13.08,35,40,30,0,0.0,0.0,Rise of Tomb Raider,SIM,Indiferente
Player 74,6,13.1,40,30,0,40,0.0,10.0,Rise of Tomb Raider,SIM,Indiferente
Player 74,6,13.11,30,35,30,0,0.0,0.0,Rise of Tomb Raider,SIM,Indiferente
Player 74,2,13.12,0,35,0,40,20.0,20.0,Rise of Tomb Raider,NAO,Indiferente
Player 74,0,13.13,30,0,30,0,20.0,0.0,Rise of Tomb Raider,NAO,Indiferente
Player 74,0,13.14,0,30,0,30,0.0,10.0,Rise of Tomb Raider,NAO,Indiferente
Player 74,6,13.16,0,0,0,0,10.0,0.0,Rise of Tomb Raider,SIM,Indiferente
Player 74,0,13.19,35,0,40,0,20.0,0.0,Rise of Tomb Raider,NAO,Indiferente
Player 74,1,13.2,30,0,30,0,10.0,0.0,Rise of Tomb Raider,NAO,Indiferente
Player 74,2,13.21,0,30,0,40,0.0,10.0,Rise of Tomb Raider,NAO,Indiferente
Player 74,4,13.22,40,0,0,0,20.0,0.0,Rise of Tomb Raider,SIM,Indiferente
Player 74,1,13.24,30,0,40,0,20.0,0.0,Rise of Tomb Raider,NAO,Indiferente
Player 74,5,13.26,0,0,0,0,0.0,10.0,Rise of Tomb Raider,SIM,Indiferente
Player 74,1,13.27,0,30,0,40,0.0,10.0,Rise of Tomb Raider,NAO,Indiferente
Player 74,1,13.28,40,30,30,40,20.0,20.0,Rise of Tomb Raider,NAO,Indiferente
Player 74,0,13.31,30,0,40,0,20.0,0.0,Rise of Tomb Raider,NAO,Indiferente
Player 74,1,13.35,30,0,30,0,20.0,0.0,Rise of Tomb Raider,NAO,Indiferente
Player 74,0,13.36,30,0,40,0,20.0,0.0,Rise of Tomb Raider,NAO,Indiferente
Player 74,0,13.37,0,40,0,40,0.0,20.0,Rise of Tomb Raider,NAO,Indiferente
Player 74,0,13.47,35,40,40,40,20.0,20.0,Rise of Tomb Raider,NAO,Indiferente
Player 74,6,13.49,0,0,0,0,0.0,20.0,Rise of Tomb Raider,SIM,Indiferente
Player 74,5,13.53,40,30,40,40,5.0,0.0,Rise of Tomb Raider,SIM,Indiferente
Player 74,0,13.54,0,40,0,30,0.0,10.0,Rise of Tomb Raider,NAO,Indiferente
Player 74,0,13.56,30,0,30,0,10.0,0.0,Rise of Tomb Raider,NAO,Indiferente
Player 74,1,13.57,40,0,40,0,10.0,0.0,Rise of Tomb Raider,NAO,Indiferente
Player 74,2,13.58,0,40,0,0,10.0,10.0,Rise of Tomb Raider,NAO,Indiferente
Player 74,2,14.0,30,30,30,40,20.0,20.0,Rise of Tomb Raider,NAO,Indiferente
Player 74,5,14.02,35,40,0,30,0.0,0.0,Rise of Tomb Raider,SIM,Indiferente
Player 74,0,14.03,0,40,0,30,0.0,10.0,Rise of Tomb Raider,NAO,Indiferente
Player 74,0,14.05,0,30,0,30,0.0,20.0,Rise of Tomb Raider,NAO,Indiferente
Player 74,3,14.06,0,35,0,0,0.0,20.0,Rise of Tomb Raider,SIM,Indiferente
Player 74,0,14.09,40,30,30,30,0.0,10.0,Rise of Tomb Raider,NAO,Indiferente
Player 74,0,14.1,30,40,30,40,0.0,20.0,Rise of Tomb Raider,NAO,Indiferente
Player 74,0,14.11,0,40,0,30,0.0,20.0,Rise of Tomb Raider,NAO,Indiferente
Player 74,6,14.13,35,0,0,0,10.0,10.0,Rise of Tomb Raider,SIM,Indiferente
Player 74,5,14.18,0,35,0,0,0.0,10.0,Rise of Tomb Raider,SIM,Indiferente
Player 74,0,14.21,0,30,0,40,0.0,10.0,Rise of Tomb Raider,NAO,Indiferente
Player 74,0,14.22,35,40,40,40,10.0,10.0,Rise of Tomb Raider,NAO,Indiferente
Player 74,1,14.25,35,40,40,30,0.0,20.0,Rise of Tomb Raider,NAO,Indiferente
Player 85,0,16.36,30,35,40,0,20.0,20.0,Rise of Tomb Raider,NAO,Feliz
Player 86,4,16.39,35,35,30,40,0.0,0.0,Rise of Tomb Raider,SIM,Feliz
Player 86,0,16.42,40,30,30,30,20.0,20.0,Rise of Tomb Raider,NAO,Feliz
Player 74,0,16.43,0,40,0,40,0.0,20.0,Rise of Tomb Raider,NAO,Indiferente
Player 74,5,16.46,40,35,0,30,10.0,10.0,Rise of Tomb Raider,SIM,Indiferente
Player 44,6,21.21,0,35,0,0,0.0,10.0,Rise of Tomb Raider,SIM,Indiferente
Player 44,0,21.23,35,0,40,0,10.0,0.0,Rise of Tomb Raider,NAO,Indiferente
Player 44,0,21.25,35,0,40,0,10.0,0.0,Rise of Tomb Raider,NAO,Indiferente
Player 44,0,21.29,0,40,0,40,0.0,20.0,Rise of Tomb Raider,NAO,Indiferente
Player 44,0,21.34,0,35,0,40,0.0,10.0,Rise of Tomb Raider,NAO,Indiferente
Player 44,6,21.35,40,30,40,30,5.0,0.0,Rise of Tomb Raider,SIM,Indiferente
Player 44,6,21.37,0,0,0,0,10.0,0.0,Rise of Tomb Raider,SIM,Indiferente
Player 44,5,21.38,0,0,0,0,0.0,20.0,Rise of Tomb Raider,SIM,Indiferente
Player 44,0,21.39,40,0,40,0,10.0,0.0,Rise of Tomb Raider,NAO,Indiferente
Player 44,5,21.4,0,40,0,0,0.0,10.0,Rise of Tomb Raider,SIM,Indiferente
Player 44,6,21.44,40,35,30,0,0.0,0.0,Rise of Tomb Raider,SIM,Indiferente
Player 44,0,21.46,35,0,30,0,10.0,0.0,Rise of Tomb Raider,NAO,Indiferente
Player 44,0,21.51,35,0,40,0,10.0,0.0,Rise of Tomb Raider,NAO,Indiferente
Player 44,0,21.53,35,35,40,0,20.0,20.0,Rise of Tomb Raider,NAO,Indiferente
Player 44,0,21.54,30,0,40,0,20.0,0.0,Rise of Tomb Raider,NAO,Indiferente
Player 44,0,21.55,30,0,40,0,10.0,0.0,Rise of Tomb Raider,NAO,Indiferente
Player 44,5,21.56,0,0,0,0,0.0,20.0,Rise of Tomb Raider,SIM,Indiferente
Player 44,6,21.57,40,0,0,0,10.0,0.0,Rise of Tomb Raider,SIM,Indiferente
Player 44,0,22.02,0,40,0,40,0.0,20.0,Rise of Tomb Raider,NAO,Indiferente
Player 44,3,22.04,0,0,0,0,20.0,0.0,Rise of Tomb Raider,SIM,Indiferente
Player 44,0,22.06,35,0,30,0,10.0,0.0,Spelunky,NAO,Indiferente
Player 44,5,22.07,0,0,0,0,0.0,10.0,Spelunky,SIM,Indiferente
Player 44,5,22.08,0,40,0,0,0.0,20.0,Spelunky,SIM,Indiferente
Player 44,6,22.09,0,0,0,0,0.0,10.0,Spelunky,SIM,Indiferente
Player 44,6,22.11,35,0,0,0,10.0,0.0,Spelunky,SIM,Indiferente
Player 44,6,22.12,0,0,0,0,0.0,20.0,Spelunky,SIM,Indiferente
Player 44,0,22.13,0,30,0,30,0.0,20.0,Spelunky,NAO,Indiferente
Player 44,0,22.14,35,35,40,40,0.0,20.0,Spelunky,NAO,Indiferente
Player 44,0,22.16,40,0,40,0,20.0,0.0,Spelunky,NAO,Indiferente
Player 44,0,22.18,30,35,40,40,0.0,20.0,Spelunky,NAO,Indiferente
Player 44,5,22.2,35,0,0,0,10.0,0.0,Spelunky,SIM,Indiferente
Player 44,0,22.22,35,30,30,40,10.0,10.0,Spelunky,NAO,Indiferente
Player 74,3,16.15,35,40,0,40,5.0,0.0,Spelunky,SIM,Indiferente
Player 74,2,16.18,30,35,40,40,0.0,0.0,Spelunky,NAO,Indiferente
Player 74,0,16.19,40,0,40,0,10.0,0.0,Spelunky,NAO,Indiferente
Player 74,4,16.2,0,35,0,30,5.0,0.0,Spelunky,SIM,Indiferente
Player 74,4,16.24,40,0,0,0,10.0,0.0,Rise of Tomb Raider,SIM,Indiferente
Player 74,2,16.25,0,35,0,0,20.0,20.0,Rise of Tomb Raider,NAO,Indiferente
Player 74,0,16.3,0,30,0,30,0.0,20.0,Rise of Tomb Raider,NAO,Indiferente
Player 74,0,16.31,40,0,40,0,20.0,0.0,Rise of Tomb Raider,NAO,Indiferente
Player 74,0,16.34,35,0,40,0,20.0,0.0,Rise of Tomb Raider,NAO,Indiferente
Player 74,1,16.35,30,0,40,0,10.0,0.0,Rise of Tomb Raider,NAO,Indiferente
Player 74,6,16.37,35,0,0,0,10.0,0.0,Rise of Tomb Raider,SIM,Indiferente
Player 74,6,16.41,0,0,0,0,20.0,0.0,Rise of Tomb Raider,SIM,Indiferente
Player 74,5,16.46,0,40,0,0,0.0,10.0,Rise of Tomb Raider,SIM,Indiferente
Player 74,6,16.48,40,30,30,30,0.0,0.0,Rise of Tomb Raider,SIM,Indiferente
Player 74,0,16.49,35,0,30,0,20.0,0.0,Rise of Tomb Raider,NAO,Indiferente
Player 74,0,16.52,30,30,30,30,0.0,20.0,Rise of Tomb Raider,NAO,Indiferente
Player 74,6,16.53,30,35,30,40,5.0,0.0,Rise of Tomb Raider,SIM,Indiferente
Player 74,0,16.56,35,30,40,40,10.0,10.0,Rise of Tomb Raider,NAO,Indiferente
Player 74,4,16.57,35,0,0,0,20.0,0.0,Rise of Tomb Raider,SIM,Indiferente
Player 74,0,16.59,40,35,40,40,10.0,10.0,Rise of Tomb Raider,NAO,Indiferente
Player 74,0,17.0,40,40,40,40,20.0,20.0,Rise of Tomb Raider,NAO,Indiferente
Player 74,1,17.01,0,35,0,30,0.0,20.0,Rise of Tomb Raider,NAO,Indiferente
Player 74,0,17.03,35,0,30,0,20.0,0.0,Rise of Tomb Raider,NAO,Indiferente
Player 74,0,17.1,0,40,0,30,0.0,10.0,Rise of Tomb Raider,NAO,Indiferente
Player 74,0,17.12,0,35,0,40,0.0,20.0,Rise of Tomb Raider,NAO,Indiferente
Player 74,0,17.14,0,30,0,40,0.0,10.0,Rise of Tomb Raider,NAO,Indiferente
Player 74,1,17.19,40,35,30,0,20.0,20.0,Rise of Tomb Raider,NAO,Indiferente
Player 74,6,17.2,0,35,0,0,0.0,10.0,Rise of Tomb Raider,SIM,Indiferente
Player 74,1,17.23,35,35,40,0,20.0,20.0,Rise of Tomb Raider,NAO,Indiferente
Player 74,6,17.25,35,40,30,40,5.0,0.0,Rise of Tomb Raider,SIM,Indiferente
Player 74,5,17.28,40,30,0,40,20.0,20.0,Rise of Tomb Raider,SIM,Indiferente
Player 74,6,17.29,35,40,0,30,10.0,10.0,Rise of Tomb Raider,SIM,Indiferente
Player 74,0,17.3,0,30,0,30,0.0,10.0,Rise of Tomb Raider,NAO,Indiferente
Player 74,1,17.31,0,30,0,40,0.0,10.0,Rise of Tomb Raider,NAO,Indiferente
Player 74,6,17.33,0,0,0,0,0.0,10.0,Rise of Tomb Raider,SIM,Indiferente
Player 74,0,17.34,30,0,30,0,10.0,0.0,Rise of Tomb Raider,NAO,Indiferente
Player 44,0,19.06,40,35,40,30,20.0,20.0,Rise of Tomb Raider,NAO,Indiferente
Player 44,0,19.1,0,30,0,40,0.0,20.0,Rise of Tomb Raider,NAO,Indiferente
Player 44,4,19.11,35,0,0,0,10.0,0.0,Rise of Tomb Raider,SIM,Indiferente
Player 44,0,19.13,40,40,40,30,10.0,10.0,Rise of Tomb Raider,NAO,Indiferente
Player 44,0,19.15,35,0,30,0,20.0,0.0,Rise of Tomb Raider,NAO,Indiferente
Player 44,0,19.22,0,35,0,40,0.0,20.0,Rise of Tomb Raider,NAO,Indiferente
Player 44,6,19.23,40,40,0,30,20.0,20.0,Rise of Tomb Raider,SIM,Indiferente
Player 44,4,19.26,0,35,0,0,0.0,10.0,Rise of Tomb Raider,SIM,Indiferente
Player 44,4,19.27,35,35,30,40,0.0,0.0,Rise of Tomb Raider,SIM,Indiferente
Player 44,0,19.28,40,40,30,30,20.0,20.0,Rise of Tomb Raider,NAO,Indiferente
Player 44,0,19.29,35,35,30,40,10.0,10.0,Rise of Tomb Raider,NAO,Indiferente
Player 44,5,19.31,40,0,0,0,20.0,0.0,Rise of Tomb Raider,SIM,Indiferente
Player 44,0,19.33,30,30,30,40,20.0,20.0,Rise of Tomb Raider,NAO,Indiferente
Player 44,0,19.34,30,0,30,0,10.0,0.0,Rise of Tomb Raider,NAO,Indiferente
Player 44,0,19.36,40,40,30,0,20.0,20.0,Rise of Tomb Raider,NAO,Indiferente
Player 44,4,19.37,0,35,0,0,0.0,20.0,Rise of Tomb Raider,SIM,Indiferente
Player 44,6,19.38,35,0,0,0,10.0,0.0,Rise of Tomb Raider,SIM,Indiferente
Player 44,0,19.4,40,0,40,0,10.0,0.0,Rise of Tomb Raider,NAO,Indiferente
Player 44,0,19.41,30,40,30,0,0.0,10.0,Rise of Tomb Raider,NAO,Indiferente
Player 44,0,19.43,0,40,0,40,0.0,10.0,Rise of Tomb Raider,NAO,Indiferente
Player 44,6,19.49,40,35,0,40,0.0,20.0,Rise of Tomb Raider,SIM,Indiferente
Player 44,4,20.09,35,40,40,30,5.0,0.0,Rise of Tomb Raider,SIM,Indiferente
Player 44,0,20.12,30,30,30,30,0.0,10.0,Rise of Tomb Raider,NAO,Indiferente
Player 44,6,20.13,0,0,0,0,10.0,0.0,Rise of Tomb Raider,SIM,Indiferente
Player 44,0,20.16,0,40,0,30,0.0,20.0,Rise of Tomb Raider,NAO,Indiferente
Player 44,0,20.22,0,30,0,30,0.0,20.0,Rise of Tomb Raider,NAO,Indiferente
Player 44,6,20.23,40,0,0,0,20.0,0.0,Rise of Tomb Raider,SIM,Indiferente
Player 44,0,20.25,35,30,40,30,20.0,20.0,Rise of Tomb Raider,NAO,Indiferente
Player 44,6,20.26,35,0,40,0,10.0,10.0,Rise of Tomb Raider,SIM,Indiferente
Player 44,6,20.27,35,30,40,30,5.0,0.0,Rise of Tomb Raider,SIM,Indiferente
Player 44,0,20.28,0,35,0,40,0.0,20.0,Rise of Tomb Raider,NAO,Indiferente
Player 44,0,20.35,0,30,0,30,0.0,10.0,Rise of Tomb Raider,NAO,Indiferente
Player 44,0,20.38,30,0,30,0,10.0,0.0,Rise of Tomb Raider,NAO,Indiferente
Player 44,0,20.4,35,0,30,0,10.0,0.0,Rise of Tomb Raider,NAO,Indiferente
Player 44,0,20.56,0,30,0,40,0.0,20.0,Rise of Tomb Raider,NAO,Indiferente
Player 44,0,20.58,40,35,30,40,10.0,10.0,Rise of Tomb Raider,NAO,Indiferente
Player 44,0,21.0,0,40,0,40,0.0,20.0,Rise of Tomb Raider,NAO,Indiferente
Player 44,0,21.01,30,30,40,30,0.0,20.0,Rise of Tomb Raider,NAO,Indiferente
Player 44,0,21.09,0,30,0,40,0.0,10.0,Rise of Tomb Raider,NAO,Indiferente
Player 44,6,21.11,35,0,0,0,10.0,0.0,Rise of Tomb Raider,SIM,Indiferente
Player 44,0,21.13,40,40,30,30,10.0,10.0,Rise of Tomb Raider,NAO,Indiferente
Player 44,0,21.14,30,35,40,0,0.0,10.0,Rise of Tomb Raider,NAO,Indiferente
Player 44,0,21.45,40,0,30,0,20.0,0.0,Rise of Tomb Raider,NAO,Indiferente
Player 44,0,21.47,0,40,0,30,0.0,10.0,Rise of Tomb Raider,NAO,Indiferente
Player 44,0,21.48,0,30,0,30,0.0,10.0,Rise of Tomb Raider,NAO,Indiferente
Player 44,4,21.5,40,40,30,30,5.0,0.0,Rise of Tomb Raider,SIM,Indiferente
Player 44,5,21.51,0,0,0,0,0.0,10.0,Rise of Tomb Raider,SIM,Indiferente
Player 44,4,21.52,30,35,40,0,0.0,0.0,Rise of Tomb Raider,SIM,Indiferente
Player 44,0,21.53,40,35,40,0,0.0,10.0,Rise of Tomb Raider,NAO,Indiferente
Player 44,0,21.55,30,40,40,30,10.0,10.0,Rise of Tomb Raider,NAO,Indiferente
Player 44,0,21.56,0,35,0,30,0.0,20.0,Rise of Tomb Raider,NAO,Indiferente
Player 44,5,21.57,35,35,40,30,0.0,0.0,Rise of Tomb Raider,SIM,Indiferente
Player 44,0,22.0,40,0,30,0,10.0,0.0,Rise of Tomb Raider,NAO,Indiferente
Player 44,0,22.03,30,0,40,0,10.0,0.0,Rise of Tomb Raider,NAO,Indiferente
Player 44,0,22.04,30,40,30,30,20.0,20.0,Rise of Tomb Raider,NAO,Indiferente
Player 44,0,22.05,0,30,0,30,0.0,20.0,Rise of Tomb Raider,NAO,Indiferente
Player 44,0,22.08,40,40,30,30,20.0,20.0,Rise of Tomb Raider,NAO,Indiferente
Player 44,4,22.12,0,35,0,0,0.0,20.0,Rise of Tomb Raider,SIM,Indiferente
Player 44,5,22.13,35,0,0,0,20.0,0.0,Rise of Tomb Raider,SIM,Indiferente
Player 44,6,22.15,0,0,0,0,0.0,10.0,Rise of Tomb Raider,SIM,Indiferente
Player 44,4,22.17,40,35,40,40,5.0,0.0,Rise of Tomb Raider,SIM,Indiferente
Player 44,0,22.18,0,35,0,40,0.0,10.0,Rise of Tomb Raider,NAO,Indiferente
Player 44,0,22.2,40,30,40,40,0.0,20.0,Rise of Tomb Raider,NAO,Indiferente
Player 44,6,22.21,40,40,40,30,5.0,0.0,Rise of Tomb Raider,SIM,Indiferente
Player 44,4,22.22,35,35,0,40,20.0,20.0,Rise of Tomb Raider,SIM,Indiferente
Player 44,0,22.23,40,0,30,0,10.0,0.0,Rise of Tomb Raider,NAO,Indiferente
Player 44,0,22.25,35,35,40,0,0.0,20.0,Rise of Tomb Raider,NAO,Indiferente
Player 44,5,22.26,0,40,0,0,0.0,20.0,Rise of Tomb Raider,SIM,Indiferente
Player 44,6,22.27,35,0,0,0,10.0,0.0,Spelunky,SIM,Indiferente
Player 44,0,22.3,30,35,30,40,0.0,20.0,Spelunky,NAO,Indiferente
Player 44,0,22.32,0,40,0,30,0.0,20.0,Spelunky,NAO,Indiferente
Player 44,0,22.34,0,40,0,30,0.0,10.0,Spelunky,NAO,Indiferente
Player 44,0,22.35,0,40,0,30,0.0,10.0,Spelunky,NAO,Indiferente
Player 44,0,22.37,0,35,0,40,0.0,10.0,Spelunky,NAO,Indiferente
Player 44,6,22.39,35,0,0,0,10.0,0.0,Rise of Tomb Raider,SIM,Indiferente
Player 74,6,16.47,0,0,0,0,0.0,10.0,Rise of Tomb Raider,SIM,Indiferente
Player 74,5,16.5,40,35,0,0,10.0,10.0,Rise of Tomb Raider,SIM,Indiferente
Player 74,5,16.57,0,30,0,30,5.0,0.0,Rise of Tomb Raider,SIM,Indiferente
Player 74,0,16.58,40,40,40,40,0.0,20.0,Rise of Tomb Raider,NAO,Indiferente
Player 74,5,17.03,0,40,0,0,10.0,10.0,Rise of Tomb Raider,SIM,Indiferente
Player 74,0,17.05,0,40,0,30,0.0,20.0,Rise of Tomb Raider,NAO,Indiferente
Player 74,4,17.06,35,40,0,40,10.0,10.0,Rise of Tomb Raider,SIM,Indiferente
Player 74,1,17.07,35,0,30,0,20.0,0.0,Rise of Tomb Raider,NAO,Indiferente
Player 74,1,17.09,30,30,30,30,0.0,20.0,Rise of Tomb Raider,NAO,Indiferente
Player 74,0,17.1,0,35,0,40,0.0,10.0,Rise of Tomb Raider,NAO,Indiferente
Player 74,1,17.12,0,35,0,40,0.0,20.0,Rise of Tomb Raider,NAO,Indiferente
Player 74,6,17.14,40,30,0,30,0.0,0.0,Rise of Tomb Raider,SIM,Indiferente
Player 74,0,17.15,40,0,40,0,20.0,0.0,Rise of Tomb Raider,NAO,Indiferente
Player 74,0,17.17,35,0,30,0,10.0,0.0,Rise of Tomb Raider,NAO,Triste
Player 74,0,17.18,0,40,0,40,0.0,20.0,Rise of Tomb Raider,NAO,Indiferente
Player 74,6,17.21,35,0,40,0,10.0,0.0,Rise of Tomb Raider,SIM,Indiferente
Player 74,0,17.22,30,35,40,30,10.0,10.0,Rise of Tomb Raider,NAO,Indiferente
Player 74,5,17.24,35,35,0,0,5.0,0.0,Rise of Tomb Raider,SIM,Indiferente
Player 74,1,17.25,35,0,40,0,20.0,0.0,Rise of Tomb Raider,NAO,Indiferente
Player 74,0,17.26,40,35,30,40,10.0,10.0,Rise of Tomb Raider,NAO,Indiferente
Player 74,1,17.28,0,30,0,30,0.0,10.0,Rise of Tomb Raider,NAO,Indiferente
Player 74,1,17.3,35,0,30,0,5.0,0.0,Rise of Tomb Raider,NAO,Indiferente
Player 74,0,17.31,30,40,40,0,0.0,20.0,Rise of Tomb Raider,NAO,Indiferente
Player 74,4,17.36,40,35,40,30,5.0,0.0,Rise of Tomb Raider,SIM,Indiferente
Player 74,6,17.4,40,0,0,0,20.0,0.0,Rise of Tomb Raider,SIM,Indiferente
Player 74,0,17.41,0,35,0,30,0.0,20.0,Rise of Tomb Raider,NAO,Indiferente
Player 74,6,17.43,35,0,0,0,20.0,0.0,Rise of Tomb Raider,SIM,Indiferente
Player 74,5,17.46,40,40,0,0,5.0,0.0,Rise of Tomb Raider,SIM,Indiferente
Player 74,6,17.5,0,40,0,0,0.0,20.0,Rise of Tomb Raider,SIM,Indiferente
Player 74,6,17.51,0,35,0,0,0.0,10.0,Rise of Tomb Raider,SIM,Indiferente
Player 74,4,17.54,0,40,0,30,10.0,10.0,Rise of Tomb Raider,SIM,Indiferente
Player 74,6,17.55,0,35,0,0,0.0,10.0,Rise of Tomb Raider,SIM,Indiferente
Player 74,6,17.58,0,0,0,0,0.0,20.0,Rise of Tomb Raider,SIM,Indiferente
Player 74,6,18.02,35,35,0,0,10.0,10.0,Rise of Tomb Raider,SIM,Indiferente
Player 74,1,18.05,0,35,0,40,0.0,20.0,Rise of Tomb Raider,NAO,Indiferente
Player 74,0,18.1,40,30,40,30,0.0,10.0,Rise of Tomb Raider,NAO,Indiferente
Player 74,0,18.11,0,40,0,40,0.0,10.0,Rise of Tomb Raider,NAO,Indiferente
Player 74,0,18.15,0,35,0,30,0.0,10.0,Rise of Tomb Raider,NAO,Indiferente
Player 74,0,18.17,35,0,30,0,10.0,0.0,Rise of Tomb Raider,NAO,Indiferente
Player 74,0,18.18,35,0,30,0,10.0,0.0,Rise of Tomb Raider,NAO,Indiferente
Player 74,1,18.2,30,0,40,0,10.0,0.0,Rise of Tomb Raider,NAO,Indiferente
Player 74,0,18.22,0,40,0,40,0.0,20.0,Rise of Tomb Raider,NAO,Indiferente
Player 74,6,18.28,40,35,40,0,0.0,0.0,Rise of Tomb Raider,SIM,Indiferente
Player 74,5,14.03,0,0,0,0,0.0,20.0,Rise of Tomb Raider,SIM,Indiferente
Player 74,0,14.04,0,30,0,40,0.0,20.0,Rise of Tomb Raider,NAO,Indiferente
Player 74,6,14.07,35,30,0,40,0.0,10.0,Rise of Tomb Raider,SIM,Indiferente
Player 74,6,14.08,0,40,0,0,0.0,20.0,Rise of Tomb Raider,SIM,Indiferente
Player 74,0,14.14,0,40,0,40,0.0,20.0,Rise of Tomb Raider,NAO,Indiferente
Player 74,5,14.15,40,40,0,30,10.0,10.0,Rise of Tomb Raider,SIM,Indiferente
Player 74,5,14.16,35,0,0,0,20.0,0.0,Rise of Tomb Raider,SIM,Indiferente
Player 74,0,14.21,0,35,0,30,0.0,20.0,Rise of Tomb Raider,NAO,Indiferente
Player 74,3,14.23,0,35,0,30,20.0,20.0,Rise of Tomb Raider,SIM,Indiferente
Player 74,0,14.25,0,30,0,30,0.0,20.0,Rise of Tomb Raider,NAO,Indiferente
Player 74,1,14.26,30,40,30,0,0.0,10.0,Rise of Tomb Raider,NAO,Indiferente
Player 74,1,14.28,0,30,0,40,0.0,10.0,Rise of Tomb Raider,NAO,Indiferente
Player 74,6,14.29,40,40,0,0,10.0,10.0,Rise of Tomb Raider,SIM,Indiferente
Player 74,0,14.31,30,40,30,40,10.0,10.0,Rise of Tomb Raider,NAO,Indiferente
Player 74,0,14.32,40,40,30,0,10.0,10.0,Rise of Tomb Raider,NAO,Indiferente
Player 74,5,14.37,35,0,30,0,10.0,10.0,Rise of Tomb Raider,SIM,Indiferente
Player 74,6,14.39,35,35,0,40,0.0,20.0,Rise of Tomb Raider,SIM,Indiferente
Player 74,0,14.4,30,35,30,0,20.0,20.0,Rise of Tomb Raider,NAO,Indiferente
Player 74,0,14.43,35,0,30,0,10.0,0.0,Rise of Tomb Raider,NAO,Indiferente
Player 74,0,14.44,35,0,40,0,20.0,0.0,Rise of Tomb Raider,NAO,Indiferente
Player 74,5,14.46,35,0,0,0,10.0,0.0,Rise of Tomb Raider,SIM,Indiferente
Player 74,0,14.47,30,35,40,40,20.0,20.0,Rise of Tomb Raider,NAO,Indiferente
Player 74,6,14.49,35,0,0,0,20.0,0.0,Rise of Tomb Raider,SIM,Indiferente
Player 74,0,14.5,35,0,40,0,20.0,0.0,Rise of Tomb Raider,NAO,Indiferente
Player 74,0,14.58,30,35,30,0,20.0,20.0,Spelunky,NAO,Triste
Player 74,1,15.01,30,30,30,40,20.0,20.0,Rise of Tomb Raider,NAO,Indiferente
Player 74,6,15.06,0,30,0,40,0.0,0.0,Rise of Tomb Raider,SIM,Indiferente
Player 74,0,15.07,0,30,0,30,0.0,20.0,Rise of Tomb Raider,NAO,Indiferente
Player 74,3,12.24,0,35,0,30,10.0,10.0,Rise of Tomb Raider,SIM,Indiferente
Player 74,6,12.26,40,40,30,40,5.0,0.0,Rise of Tomb Raider,SIM,Indiferente
Player 74,6,12.29,0,35,0,0,0.0,20.0,Rise of Tomb Raider,SIM,Indiferente
Player 74,0,12.3,30,0,30,0,20.0,0.0,Rise of Tomb Raider,NAO,Indiferente
Player 74,6,12.32,40,0,0,0,10.0,10.0,Rise of Tomb Raider,SIM,Indiferente
Player 74,0,12.33,0,30,0,30,0.0,20.0,Rise of Tomb Raider,NAO,Indiferente
Player 74,0,12.34,0,40,0,40,0.0,10.0,Rise of Tomb Raider,NAO,Indiferente
Player 74,6,12.38,0,40,0,30,20.0,20.0,Rise of Tomb Raider,SIM,Indiferente
Player 74,0,12.4,0,35,0,30,0.0,20.0,Rise of Tomb Raider,NAO,Indiferente
Player 74,0,12.42,30,0,40,0,10.0,0.0,Rise of Tomb Raider,NAO,Indiferente
Player 74,0,12.43,0,30,0,30,0.0,20.0,Rise of Tomb Raider,NAO,Indiferente
Player 74,6,12.46,0,0,0,0,10.0,0.0,Rise of Tomb Raider,SIM,Indiferente